<?xml version="1.0" encoding="UTF-8"?>
<GenRun Id="impl_1" LaunchPart="xc7a100tcsg324-1" LaunchTime="1556923011">
  <File Type="BITSTR-BMM" Name="main_bd.bmm"/>
  <File Type="OPT-METHODOLOGY-DRC" Name="main_methodology_drc_opted.rpt"/>
  <File Type="INIT-TIMING" Name="main_timing_summary_init.rpt"/>
  <File Type="ROUTE-PWR" Name="main_power_routed.rpt"/>
  <File Type="PA-TCL" Name="main.tcl"/>
  <File Type="OPT-TIMING" Name="main_timing_summary_opted.rpt"/>
  <File Type="OPT-DCP" Name="main_opt.dcp"/>
  <File Type="ROUTE-PWR-SUM" Name="main_power_summary_routed.pb"/>
  <File Type="REPORTS-TCL" Name="main_reports.tcl"/>
  <File Type="OPT-DRC" Name="main_drc_opted.rpt"/>
  <File Type="OPT-HWDEF" Name="main.hwdef"/>
  <File Type="PWROPT-DCP" Name="main_pwropt.dcp"/>
  <File Type="PWROPT-DRC" Name="main_drc_pwropted.rpt"/>
  <File Type="PWROPT-TIMING" Name="main_timing_summary_pwropted.rpt"/>
  <File Type="PLACE-DCP" Name="main_placed.dcp"/>
  <File Type="PLACE-IO" Name="main_io_placed.rpt"/>
  <File Type="PLACE-CLK" Name="main_clock_utilization_placed.rpt"/>
  <File Type="PLACE-UTIL" Name="main_utilization_placed.rpt"/>
  <File Type="PLACE-UTIL-PB" Name="main_utilization_placed.pb"/>
  <File Type="PLACE-CTRL" Name="main_control_sets_placed.rpt"/>
  <File Type="PLACE-SIMILARITY" Name="main_incremental_reuse_placed.rpt"/>
  <File Type="PLACE-PRE-SIMILARITY" Name="main_incremental_reuse_pre_placed.rpt"/>
  <File Type="BG-BGN" Name="main.bgn"/>
  <File Type="PLACE-TIMING" Name="main_timing_summary_placed.rpt"/>
  <File Type="POSTPLACE-PWROPT-DCP" Name="main_postplace_pwropt.dcp"/>
  <File Type="BG-BIN" Name="main.bin"/>
  <File Type="POSTPLACE-PWROPT-TIMING" Name="main_timing_summary_postplace_pwropted.rpt"/>
  <File Type="PHYSOPT-DCP" Name="main_physopt.dcp"/>
  <File Type="PHYSOPT-DRC" Name="main_drc_physopted.rpt"/>
  <File Type="BITSTR-MSK" Name="main.msk"/>
  <File Type="PHYSOPT-TIMING" Name="main_timing_summary_physopted.rpt"/>
  <File Type="ROUTE-ERROR-DCP" Name="main_routed_error.dcp"/>
  <File Type="ROUTE-DCP" Name="main_routed.dcp"/>
  <File Type="ROUTE-BLACKBOX-DCP" Name="main_routed_bb.dcp"/>
  <File Type="ROUTE-DRC" Name="main_drc_routed.rpt"/>
  <File Type="ROUTE-DRC-PB" Name="main_drc_routed.pb"/>
  <File Type="BITSTR-LTX" Name="debug_nets.ltx"/>
  <File Type="BITSTR-LTX" Name="main.ltx"/>
  <File Type="ROUTE-DRC-RPX" Name="main_drc_routed.rpx"/>
  <File Type="BITSTR-MMI" Name="main.mmi"/>
  <File Type="ROUTE-METHODOLOGY-DRC" Name="main_methodology_drc_routed.rpt"/>
  <File Type="ROUTE-METHODOLOGY-DRC-RPX" Name="main_methodology_drc_routed.rpx"/>
  <File Type="BITSTR-SYSDEF" Name="main.sysdef"/>
  <File Type="ROUTE-METHODOLOGY-DRC-PB" Name="main_methodology_drc_routed.pb"/>
  <File Type="ROUTE-PWR-RPX" Name="main_power_routed.rpx"/>
  <File Type="ROUTE-STATUS" Name="main_route_status.rpt"/>
  <File Type="ROUTE-STATUS-PB" Name="main_route_status.pb"/>
  <File Type="ROUTE-TIMINGSUMMARY" Name="main_timing_summary_routed.rpt"/>
  <File Type="ROUTE-TIMING-PB" Name="main_timing_summary_routed.pb"/>
  <File Type="ROUTE-TIMING-RPX" Name="main_timing_summary_routed.rpx"/>
  <File Type="ROUTE-SIMILARITY" Name="main_incremental_reuse_routed.rpt"/>
  <File Type="ROUTE-CLK" Name="main_clock_utilization_routed.rpt"/>
  <File Type="ROUTE-BUS-SKEW" Name="main_bus_skew_routed.rpt"/>
  <File Type="ROUTE-BUS-SKEW-PB" Name="main_bus_skew_routed.pb"/>
  <File Type="ROUTE-BUS-SKEW-RPX" Name="main_bus_skew_routed.rpx"/>
  <File Type="POSTROUTE-PHYSOPT-DCP" Name="main_postroute_physopt.dcp"/>
  <File Type="POSTROUTE-PHYSOPT-BLACKBOX-DCP" Name="main_postroute_physopt_bb.dcp"/>
  <File Type="POSTROUTE-PHYSOPT-TIMING" Name="main_timing_summary_postroute_physopted.rpt"/>
  <File Type="POSTROUTE-PHYSOPT-TIMING-PB" Name="main_timing_summary_postroute_physopted.pb"/>
  <File Type="POSTROUTE-PHYSOPT-TIMING-RPX" Name="main_timing_summary_postroute_physopted.rpx"/>
  <File Type="POSTROUTE-PHYSOPT-BUS-SKEW" Name="main_bus_skew_postroute_physopted.rpt"/>
  <File Type="POSTROUTE-PHYSOPT-BUS-SKEW-PB" Name="main_bus_skew_postroute_physopted.pb"/>
  <File Type="BG-BIT" Name="main.bit"/>
  <File Type="POSTROUTE-PHYSOPT-BUS-SKEW-RPX" Name="main_bus_skew_postroute_physopted.rpx"/>
  <File Type="BITSTR-RBT" Name="main.rbt"/>
  <File Type="BITSTR-NKY" Name="main.nky"/>
  <File Type="BG-DRC" Name="main.drc"/>
  <File Type="RDI-RDI" Name="main.vdi"/>
  <File Type="WBT-USG" Name="usage_statistics_webtalk.html"/>
  <FileSet Name="sources" Type="DesignSrcs" RelSrcDir="$PSRCDIR/sources_1">
    <Filter Type="Srcs"/>
    <File Path="$PPRDIR/../re/ClkDiv_5Hz.v">
      <FileInfo>
        <Attr Name="UsedIn" Val="synthesis"/>
        <Attr Name="UsedIn" Val="implementation"/>
        <Attr Name="UsedIn" Val="simulation"/>
      </FileInfo>
    </File>
    <File Path="$PPRDIR/../re/ClkDiv_66_67kHz.v">
      <FileInfo>
        <Attr Name="UsedIn" Val="synthesis"/>
        <Attr Name="UsedIn" Val="implementation"/>
        <Attr Name="UsedIn" Val="simulation"/>
      </FileInfo>
    </File>
    <File Path="$PSRCDIR/sources_1/new/LED_matrix.v">
      <FileInfo>
        <Attr Name="UsedIn" Val="synthesis"/>
        <Attr Name="UsedIn" Val="implementation"/>
        <Attr Name="UsedIn" Val="simulation"/>
      </FileInfo>
    </File>
    <File Path="$PPRDIR/../re/PmodJSTK.v">
      <FileInfo>
        <Attr Name="UsedIn" Val="synthesis"/>
        <Attr Name="UsedIn" Val="implementation"/>
        <Attr Name="UsedIn" Val="simulation"/>
      </FileInfo>
    </File>
    <File Path="$PPRDIR/../re/SPImode0.v">
      <FileInfo>
        <Attr Name="UsedIn" Val="synthesis"/>
        <Attr Name="UsedIn" Val="implementation"/>
        <Attr Name="UsedIn" Val="simulation"/>
      </FileInfo>
    </File>
    <File Path="$PSRCDIR/sources_1/imports/V2/clk_scaleV2.v">
      <FileInfo>
        <Attr Name="ImportPath" Val="$PPRDIR/../V2/clk_scaleV2.v"/>
        <Attr Name="ImportTime" Val="1556738951"/>
        <Attr Name="UsedIn" Val="synthesis"/>
        <Attr Name="UsedIn" Val="implementation"/>
        <Attr Name="UsedIn" Val="simulation"/>
      </FileInfo>
    </File>
    <File Path="$PSRCDIR/sources_1/new/counter_100M.v">
      <FileInfo>
        <Attr Name="UsedIn" Val="synthesis"/>
        <Attr Name="UsedIn" Val="implementation"/>
        <Attr Name="UsedIn" Val="simulation"/>
      </FileInfo>
    </File>
    <File Path="$PPRDIR/../re/format.v">
      <FileInfo>
        <Attr Name="UsedIn" Val="synthesis"/>
        <Attr Name="UsedIn" Val="implementation"/>
        <Attr Name="UsedIn" Val="simulation"/>
      </FileInfo>
    </File>
    <File Path="$PSRCDIR/sources_1/imports/V2/gen_rand_seqV2.v">
      <FileInfo>
        <Attr Name="ImportPath" Val="$PPRDIR/../V2/gen_rand_seqV2.v"/>
        <Attr Name="ImportTime" Val="1556738488"/>
        <Attr Name="UsedIn" Val="synthesis"/>
        <Attr Name="UsedIn" Val="implementation"/>
        <Attr Name="UsedIn" Val="simulation"/>
      </FileInfo>
    </File>
    <File Path="$PSRCDIR/sources_1/imports/Car_Dash/moveCarImmunityV2.v">
      <FileInfo>
        <Attr Name="ImportPath" Val="$PPRDIR/../moveCarImmunityV2.v"/>
        <Attr Name="ImportTime" Val="1556735633"/>
        <Attr Name="UsedIn" Val="synthesis"/>
        <Attr Name="UsedIn" Val="implementation"/>
        <Attr Name="UsedIn" Val="simulation"/>
      </FileInfo>
    </File>
    <File Path="$PSRCDIR/sources_1/new/segmain.v">
      <FileInfo>
        <Attr Name="UsedIn" Val="synthesis"/>
        <Attr Name="UsedIn" Val="implementation"/>
        <Attr Name="UsedIn" Val="simulation"/>
      </FileInfo>
    </File>
    <File Path="$PPRDIR/../7 seg/seven_seg.v">
      <FileInfo>
        <Attr Name="UsedIn" Val="synthesis"/>
        <Attr Name="UsedIn" Val="implementation"/>
        <Attr Name="UsedIn" Val="simulation"/>
      </FileInfo>
    </File>
    <File Path="$PPRDIR/../re/spiCtrl.v">
      <FileInfo>
        <Attr Name="UsedIn" Val="synthesis"/>
        <Attr Name="UsedIn" Val="implementation"/>
        <Attr Name="UsedIn" Val="simulation"/>
      </FileInfo>
    </File>
    <File Path="$PSRCDIR/sources_1/imports/V2/mainV2.v">
      <FileInfo>
        <Attr Name="ImportPath" Val="$PPRDIR/../V2/mainV2.v"/>
        <Attr Name="ImportTime" Val="1556738104"/>
        <Attr Name="UsedIn" Val="synthesis"/>
        <Attr Name="UsedIn" Val="implementation"/>
        <Attr Name="UsedIn" Val="simulation"/>
      </FileInfo>
    </File>
    <File Path="$PPRDIR/../re/Formatting JSTK.v">
      <FileInfo>
        <Attr Name="UserDisabled" Val="1"/>
        <Attr Name="UsedIn" Val="synthesis"/>
        <Attr Name="UsedIn" Val="implementation"/>
        <Attr Name="UsedIn" Val="simulation"/>
      </FileInfo>
    </File>
    <File Path="$PSRCDIR/sources_1/new/clk_scale.v">
      <FileInfo>
        <Attr Name="UserDisabled" Val="1"/>
        <Attr Name="UsedIn" Val="synthesis"/>
        <Attr Name="UsedIn" Val="implementation"/>
        <Attr Name="UsedIn" Val="simulation"/>
      </FileInfo>
    </File>
    <File Path="$PPRDIR/../Main.v">
      <FileInfo>
        <Attr Name="UserDisabled" Val="1"/>
        <Attr Name="UsedIn" Val="synthesis"/>
        <Attr Name="UsedIn" Val="implementation"/>
        <Attr Name="UsedIn" Val="simulation"/>
      </FileInfo>
    </File>
    <File Path="$PPRDIR/../gen_rand_seq.v">
      <FileInfo>
        <Attr Name="UserDisabled" Val="1"/>
        <Attr Name="UsedIn" Val="synthesis"/>
        <Attr Name="UsedIn" Val="implementation"/>
        <Attr Name="UsedIn" Val="simulation"/>
      </FileInfo>
    </File>
    <File Path="$PPRDIR/../moveCarImmunity.moveoutput.v">
      <FileInfo>
        <Attr Name="UserDisabled" Val="1"/>
        <Attr Name="UsedIn" Val="synthesis"/>
        <Attr Name="UsedIn" Val="implementation"/>
        <Attr Name="UsedIn" Val="simulation"/>
      </FileInfo>
    </File>
    <File Path="$PPRDIR/../moveCarImmunity.v">
      <FileInfo>
        <Attr Name="UserDisabled" Val="1"/>
        <Attr Name="UsedIn" Val="synthesis"/>
        <Attr Name="UsedIn" Val="implementation"/>
        <Attr Name="UsedIn" Val="simulation"/>
      </FileInfo>
    </File>
    <File Path="$PPRDIR/../re/Binary_To_BCD.v">
      <FileInfo>
        <Attr Name="UserDisabled" Val="1"/>
        <Attr Name="UsedIn" Val="synthesis"/>
        <Attr Name="UsedIn" Val="implementation"/>
        <Attr Name="UsedIn" Val="simulation"/>
      </FileInfo>
    </File>
    <File Path="$PPRDIR/../moveCar.v">
      <FileInfo>
        <Attr Name="UserDisabled" Val="1"/>
        <Attr Name="UsedIn" Val="synthesis"/>
        <Attr Name="UsedIn" Val="implementation"/>
        <Attr Name="UsedIn" Val="simulation"/>
      </FileInfo>
    </File>
    <File Path="$PSRCDIR/sources_1/imports/re/ssdCtrl.v">
      <FileInfo>
        <Attr Name="UserDisabled" Val="1"/>
        <Attr Name="ImportPath" Val="$PPRDIR/../re/ssdCtrl.v"/>
        <Attr Name="ImportTime" Val="1556325797"/>
        <Attr Name="UsedIn" Val="synthesis"/>
        <Attr Name="UsedIn" Val="implementation"/>
        <Attr Name="UsedIn" Val="simulation"/>
      </FileInfo>
    </File>
    <Config>
      <Option Name="DesignMode" Val="RTL"/>
      <Option Name="TopModule" Val="main"/>
      <Option Name="TopAutoSet" Val="TRUE"/>
    </Config>
  </FileSet>
  <FileSet Name="constrs_in" Type="Constrs" RelSrcDir="$PSRCDIR/constrs_1">
    <Filter Type="Constrs"/>
    <File Path="$PSRCDIR/constrs_1/new/constr.xdc">
      <FileInfo>
        <Attr Name="UsedIn" Val="synthesis"/>
        <Attr Name="UsedIn" Val="implementation"/>
      </FileInfo>
    </File>
    <Config>
      <Option Name="ConstrsType" Val="XDC"/>
    </Config>
  </FileSet>
  <FileSet Name="utils" Type="Utils" RelSrcDir="$PSRCDIR/utils_1">
    <Filter Type="Utils"/>
    <Config>
      <Option Name="TopAutoSet" Val="TRUE"/>
    </Config>
  </FileSet>
  <Strategy Version="1" Minor="2">
    <StratHandle Name="Vivado Implementation Defaults" Flow="Vivado Implementation 2018"/>
    <Step Id="init_design"/>
    <Step Id="opt_design"/>
    <Step Id="power_opt_design"/>
    <Step Id="place_design"/>
    <Step Id="post_place_power_opt_design"/>
    <Step Id="phys_opt_design"/>
    <Step Id="route_design"/>
    <Step Id="post_route_phys_opt_design"/>
    <Step Id="write_bitstream"/>
  </Strategy>
</GenRun>
